,Manufacturer,Model,Price,Transmission,Power,Engine_CC,Fuel,Male,Female,Gender_Unclassified,Total
0,Abarth,500C,21.105625,5.0,60.625,1039.5,petrol,7124,4719,570,12413
1,Alfa-Romeo,145,17.42714286,5.0,87.71428571,1696.4285710000001,petrol,29993,11855,2186,44034
2,Alfa-Romeo,146,18.19842857,5.0,87.71428571,1696.4285710000001,petrol,40928,14231,2969,58128
3,Alfa-Romeo,147,25.3433871,5.193548387,95.09677419,1802.774194,petrol,149499,83501,13278,246278
4,Alfa-Romeo,155,23.90933333,5.0,100.66666670000001,2016.7777780000001,petrol,28860,4422,1191,34473
5,Alfa-Romeo,156,32.898125,5.333333333,116.29166670000001,2081.375,petrol,287571,66864,17108,371543
6,Alfa-Romeo,159,43.26150943,5.905660377,135.37735849999999,2276.0,diesel,30455,4612,1760,36827
7,Alfa-Romeo,164,38.39725,4.75,131.0,2652.375,petrol,43294,5556,2193,51043
8,Alfa-Romeo,166,43.89111111,5.666666667,130.5555556,2457.555556,petrol,17500,2098,982,20580
9,Alfa-Romeo,33,13.818,5.0,66.0,1351.0,petrol,42856,11905,2030,56791
10,Alfa-Romeo,Brera,53.10142857,6.0,163.71428569999998,2679.285714,petrol,10895,2031,672,13598
11,Alfa-Romeo,GT,37.350625,5.375,121.0625,1972.8125,petrol,33586,7483,2033,43102
12,Alfa-Romeo,Spider,55.2,6.0,163.5,2696.5,petrol,49495,18831,4340,72666
13,Aston-Martin,DB7,158.82299999999998,4.5,250.0,3228.0,petrol,26029,2420,1359,29808
14,Aston-Martin,DB9,273.755,6.0,381.0,5935.0,petrol,24625,1989,930,27544
15,Aston-Martin,Vantage,360.755,6.0,410.0,5341.0,petrol,25375,2035,971,28381
16,Audi,100,37.32636,4.76,101.12,2349.08,petrol,290434,55293,13677,359404
17,Audi,200,38.66975,4.3,95.65,2027.9,petrol,4991,727,150,5868
18,Audi,80,27.09825,4.666666667,91.75,2247.333333,petrol,753132,180987,37079,971198
19,Audi,90,28.379,4.6,91.6,2181.2,petrol,75686,15468,3035,94189
20,Audi,A1,27.08277108,6.2289156629999995,86.63855422,1377.566265,petrol,35748,55075,4151,94974
21,Audi,A2,23.0525,5.0,55.0,1406.0,petrol,87432,91257,13285,191974
22,Audi,A3,36.21929825,6.473684211,94.33333333,1424.666667,petrol,998800,649367,103368,1751535
23,Audi,A4,57.92693548,6.161290322999999,149.7096774,2283.112903,petrol,2092276,590478,142309,2825063
24,Audi,A5,59.43242424,7.0,150.4545455,1981.818182,petrol,107675,26218,6401,140294
25,Audi,A6,82.06090909,7.727272727000001,199.7272727,2790.454545,diesel,782345,140270,52441,975056
26,Audi,A7,87.12,8.0,190.0,2967.0,diesel,7068,745,291,8104
27,Audi,A8,116.545,8.0,230.0,2981.0,petrol,72380,5832,4078,82290
28,Audi,Cabriolet,43.9745,4.5,98.0,2309.0,petrol,67299,29000,4709,101008
29,Audi,Coupe,35.86943902,5.585365854,117.0243902,1980.634146,petrol,124996,22526,5223,152745
30,Audi,Q5,64.50769231,6.846153846,144.23076919999997,2048.538462,diesel,35621,18904,2953,57478
31,Audi,Q7,106.5488889,8.0,210.0,2976.333333,diesel,60174,20021,4182,84377
32,Audi,Quattro,61.235,5.0,147.0,2144.0,petrol,18695,1899,685,21279
33,Audi,R8,226.3833333,6.5,368.6666667,4857.0,petrol,7623,567,376,8566
34,Audi,RS4,121.77,6.666666667,316.3333333,3740.0,petrol,20456,1927,886,23269
35,Audi,RS6,175.835,7.0,433.5,4493.5,petrol,6999,588,318,7905
36,Audi,S3,60.87,6.75,228.0,1984.0,petrol,57406,11651,2938,71995
37,Audi,S4,95.29916667,6.333333333,253.66666669999998,3764.333333,petrol,38115,5359,1762,45236
38,Audi,S5,105.465,8.0,257.5,2981.0,petrol,9004,1321,529,10854
39,Audi,TT,64.59222222,6.777777778,178.5555556,2011.5555559999998,petrol,387738,265557,44958,698253
40,BMW,118i,37.4265,6.2,104.2,1796.6,petrol,454389,393075,51930,899394
41,BMW,320i,47.84837037,6.444444444,126.1111111,1995.7777780000001,petrol,6213366,2090926,429229,8733521
42,BMW,535i,93.71425,8.0,225.0,2979.0,petrol,2324987,381963,133030,2839980
43,BMW,640i,114.87583329999998,8.0,235.0,2979.0,petrol,97382,15233,4766,117381
44,BMW,740i,115.53299999999999,8.0,250.0,2998.0,petrol,395136,44830,20807,460773
45,BMW,850i,111.993,5.0,220.0,4988.0,petrol,18268,1932,820,21020
46,BMW,M135i,57.97,7.0,225.0,1998.0,petrol,1492,217,73,1782
47,BMW,M3,135.1055,6.5,309.0,3999.0,petrol,195734,21255,8187,225176
48,BMW,M550i,134.789,8.0,390.0,4395.0,petrol,46736,3198,1834,51768
49,BMW,X1,51.44133333,7.2,123.93333329999999,1863.1333329999998,diesel,27311,18264,3196,48771
50,BMW,X3,76.5922,8.0,184.0,2396.4,petrol,125816,81558,12823,220197
51,BMW,X5,113.26933329999999,8.0,246.33333330000002,2994.666667,diesel,358146,112083,23085,493314
52,BMW,X6,125.49625,8.0,282.25,3344.75,petrol,15368,3560,896,19824
53,BMW,Z3,39.7374,4.6,115.0,2234.4,petrol,155627,107143,18040,280810
54,BMW,Z4,64.109625,6.75,202.125,2778.0,petrol,126746,59357,12615,198718
55,Bentley,Continental,285.247,7.2,428.2,5577.8,petrol,52397,6055,2569,61021
56,Chevrolet,Aveo,18.615,5.2,69.6,1330.4,petrol,23735,22648,2313,48696
57,Chevrolet,Captiva,55.62,6.0,145.75,2460.75,petrol,20258,10526,1622,32406
58,Chevrolet,Cruze,28.17,5.583333333,103.0,1706.3333329999998,petrol,8445,2509,522,11476
59,Chevrolet,Kalos,14.22409091,4.727272727,64.45454545,1353.363636,petrol,46461,47446,4964,98871
60,Chevrolet,Lacetti,18.76285714,4.714285714,80.42857143,1612.9285710000001,petrol,53183,24629,3808,81620
61,Chevrolet,Matiz,9.492272727000001,4.909090909,40.81818182,850.2727273,petrol,61330,103972,9381,174683
62,Chevrolet,Orlando,33.43590909,5.6363636360000005,108.3636364,1906.181818,diesel,1096,461,119,1676
63,Chevrolet,Spark,11.395,5.0,52.5,1047.75,petrol,13180,17999,1857,33036
64,Chevrolet,Tacuma,20.20388889,4.777777778,82.33333333,1775.7777780000001,petrol,23742,13858,2208,39808
65,Chrysler,300C,70.31925,4.5,199.0,4123.5,petrol,40820,4786,1390,46996
66,Chrysler,Crossfire,56.15916667,5.5,174.33333330000002,3199.0,petrol,20509,10409,1453,32371
67,Chrysler,Neon,19.71783333,4.0,98.0,1995.0,petrol,119470,52926,8772,181168
68,Chrysler,PT,29.88478947,4.736842105,109.1052632,2238.631579,petrol,120175,77026,11004,208205
69,Chrysler,Sebring,37.471875,5.5,114.5,2167.5,petrol,7865,2375,429,10669
70,Chrysler,Voyager,39.70773684,4.8421052630000005,117.57894740000002,2719.842105,diesel,230532,108197,17930,356659
71,Citroen,AX,10.83275,5.0,45.0,1242.0,petrol,806179,1003614,75262,1885055
72,Citroen,Berlingo,27.4386,6.34,85.28,1452.0,diesel,328410,143618,21238,493266
73,Citroen,C-Crosser,35.72526667,4.4,121.0,2287.6,petrol,7195,2955,392,10542
74,Citroen,C1,13.48615385,5.0,52.38461538,1028.923077,petrol,143337,243741,17434,404512
75,Citroen,C2,15.14,5.0,64.0,1382.75,petrol,183287,241381,17092,441760
76,Citroen,C3,22.90364865,5.405405405,75.64864865,1364.0,petrol,537611,697918,60987,1296516
77,Citroen,C4,29.26025,5.95,90.625,1462.3625,petrol,395423,198469,24514,618406
78,Citroen,C5,34.9090566,5.603773585,104.2264151,1805.924528,diesel,380415,71677,17852,469944
79,Citroen,C8,45.59125,5.25,104.16666670000001,2027.8333329999998,petrol,47525,24630,3637,75792
80,Citroen,DS3,23.35964286,5.25,81.28571429,1410.357143,petrol,30014,34657,2376,67047
81,Citroen,DS4,31.1275,5.75,105.25,1688.25,petrol,3813,1708,203,5724
82,Citroen,DS5,42.55733333,6.0,123.26666670000002,1832.3333329999998,diesel,882,160,39,1081
83,Citroen,Nemo,13.44125,5.0,54.5,1304.0,petrol,6682,3439,475,10596
84,Citroen,Saxo,12.32981818,4.818181818,53.81818182,1367.272727,petrol,1158309,1321464,94721,2574494
85,Citroen,XM,36.35965,4.55,110.5,2345.1,petrol,126129,18292,5782,150203
86,Citroen,Xantia,24.84390244,4.756097561,84.92682927,1982.756098,petrol,954135,212523,48332,1214990
87,Citroen,Xsara,22.36209302,4.88372093,72.58139535,1743.4418600000001,petrol,1972452,1093968,124152,3190572
88,Citroen,ZX,16.05676923,4.923076923,67.0,1703.1538460000002,petrol,973176,484226,70037,1527439
89,Dacia,Duster,20.75666667,5.666666667,89.33333333,1332.0,petrol,4708,2180,195,7083
90,Dacia,Sandero,14.04,5.0,66.0,898.0,petrol,4395,3269,209,7873
91,Daewoo,Espero,16.80266667,4.5,71.0,1764.0,petrol,106093,27005,4702,137800
92,Daewoo,Lanos,13.24516667,4.833333333,66.66666667,1506.5,petrol,236181,187630,23352,447163
93,Daewoo,Leganza,23.245,4.5,98.0,1998.0,petrol,75504,18038,4046,97588
94,Daewoo,Nexia,12.47666667,4.666666667,58.66666667,1498.0,petrol,181465,105168,12889,299522
95,Daihatsu,Applause,15.6985,4.5,73.0,1590.0,petrol,12302,5010,723,18035
96,Daihatsu,Copen,23.8115,5.0,64.0,1298.0,petrol,4061,9639,1123,14823
97,Daihatsu,Move,12.924000000000001,4.0,43.0,989.0,petrol,9304,10246,1185,20735
98,Daihatsu,Sirion,14.333375,4.5625,59.875,1183.25,petrol,57284,72172,6783,136239
99,Daihatsu,Terios,26.19775,4.625,77.0,1495.0,petrol,59963,60281,6055,126299
100,Daimler,3.6,71.602,4.0,149.0,3590.0,petrol,15090,1907,571,17568
101,Daimler,4,92.79799999999999,4.0,166.0,3980.0,petrol,8072,920,416,9408
102,Daimler,Double,106.82,4.0,234.0,5993.0,petrol,6286,694,384,7364
103,Datsun,Cherry,8.400222222,4.333333333,44.55555556,1350.0,petrol,53275,34337,2070,89682
104,Datsun,Stanza,9.58,4.5,61.66666667,1668.333333,petrol,35958,12479,1093,49530
105,Datsun,Sunny,11.81928571,4.619047619,56.85714286,1520.952381,petrol,97030,43091,3074,143195
106,Dodge,Caliber,26.59125,4.125,108.625,1911.75,petrol,25157,12424,1306,38887
107,Dodge,Journey,37.773,5.555555556,114.0,2184.0,diesel,4320,2061,271,6652
108,Dodge,Nitro,47.881,5.1111111110000005,141.4444444,3106.666667,diesel,8709,2946,456,12111
109,Ferrari,360,200.19825,6.0,294.0,3586.0,petrol,5057,298,214,5569
110,Ferrari,F430,260.28700000000003,6.0,360.0,4308.0,petrol,5229,230,183,5642
111,Fiat,126,3.781,4.0,18.0,652.0,petrol,20184,29361,1389,50934
112,Fiat,127,6.239,5.0,37.0,1049.0,petrol,5473,4722,241,10436
113,Fiat,500L,26.29166667,5.6,74.73333333,1186.333333,diesel,104814,294060,25451,424325
114,Fiat,Barchetta,28.295,5.0,96.0,1747.0,petrol,7948,2995,649,11592
115,Fiat,Brava,17.22277778,4.8888888889999995,70.0,1615.333333,petrol,420852,259085,33215,713152
116,Fiat,Bravo,22.455,6.0,92.30769231,1466.307692,petrol,266650,179550,20612,466812
117,Fiat,Cinquecento,7.712000000000001,5.0,29.0,899.0,petrol,201746,317663,25731,545140
118,Fiat,Croma,34.33029412,5.5882352939999995,105.0,1962.0588239999997,diesel,38725,8554,1124,48403
119,Fiat,Doblo,25.17006452,5.516129032,79.30645161,1523.741935,diesel,94590,33783,5678,134051
120,Fiat,Idea,20.31264706,5.352941176,63.29411765,1344.823529,diesel,15743,12565,1504,29812
121,Fiat,Marea,20.1241875,4.875,79.875,1836.875,petrol,168880,56386,9621,234887
122,Fiat,Multipla,25.2075,5.0,80.5,1753.0,petrol,94956,58350,9398,162704
123,Fiat,Panda,10.42388889,5.0,52.44444444,1095.777778,petrol,470026,590655,47511,1108192
124,Fiat,Qubo,16.695,5.0,54.0,1360.0,petrol,4682,2632,335,7649
125,Fiat,Regata,12.73581818,4.6363636360000005,54.0,1559.181818,petrol,44189,14022,1254,59465
126,Fiat,Sedici,21.91166667,4.666666667,88.0,1586.0,petrol,8753,7669,853,17275
127,Fiat,Seicento,8.17,5.0,40.0,1108.0,petrol,163215,295601,23381,482197
128,Fiat,Stilo,22.77681818,5.272727273,92.36363636,1837.363636,petrol,227526,126247,15474,369247
129,Fiat,Strada,14.275,5.0,70.0,1997.0,diesel,21308,10855,786,32949
130,Fiat,Tempra,17.91985714,4.19047619,64.47619048,1759.1904760000002,petrol,119650,34333,4858,158841
131,Fiat,Tipo,23.585,5.8125,80.8125,1446.125,diesel,353506,196744,21546,571796
132,Fiat,Ulysse,36.70125,4.875,91.75,2019.75,petrol,73932,29847,5264,109043
133,Fiat,Uno,11.28285714,4.285714286,49.28571429,1337.714286,petrol,705268,717969,51713,1474950
134,Ford,B-MAX,22.91875,5.25,75.5,1288.5,petrol,5748,4000,206,9954
135,Ford,C-MAX,32.1815,6.0,99.0,1448.6,petrol,95065,52751,5326,153142
136,Ford,Capri,11.7129,4.0,69.0,1864.8,petrol,290857,54211,5201,350269
137,Ford,Cougar,32.11766667,4.666666667,115.33333329999999,2362.0,petrol,107201,31137,5784,144122
138,Ford,Escort,16.20874359,4.461538462,63.56410256,1650.2051279999998,petrol,10937297,5357916,486565,16781778
139,Ford,Fiesta,18.53214286,5.714285714,68.57142857,1166.142857,petrol,11596040,12760305,876752,25233097
140,Ford,Focus,30.61932203,5.966101695,94.03389831,1497.169492,petrol,6407597,3355129,408615,10171341
141,Ford,Fusion,19.37890909,4.8636363639999995,61.27272727,1470.909091,petrol,381792,288070,26610,696472
142,Ford,Galaxy,53.78571429,6.0,124.8571429,1855.0,diesel,834988,351869,63281,1250138
143,Ford,Granada,18.84548718,4.076923077,87.07692308,2326.3589739999998,petrol,1629769,239159,35658,1904586
144,Ford,Ka+,15.46,5.0,60.8,1196.0,petrol,1332915,3511095,249023,5093033
145,Ford,Maverick,29.151,5.0,89.0,2526.5,petrol,165321,56845,8712,230878
146,Ford,Mondeo,39.97375,1.75,130.25,1998.5,petrol,8254266,1818587,340635,10413488
147,Ford,Mustang,74.609,3.2,239.2,3640.2,petrol,7648,670,183,8501
148,Ford,Orion,15.40377778,5.0,60.11111111,1593.111111,petrol,2108942,701417,56428,2866787
149,Ford,Probe,24.84,5.0,102.0,2244.0,petrol,122222,35593,5684,163499
150,Ford,Puma,30.3775,6.3125,94.0625,935.625,petrol,240758,353227,36295,630280
151,Ford,S-MAX,47.52333333,6.0,128.88888889999998,1886.5555559999998,diesel,132037,72046,8874,212957
152,Ford,Scorpio,30.86290909,4.454545455,105.54545449999999,2458.909091,petrol,230908,33255,8637,272800
153,Ford,Sierra,18.2955625,4.875,70.25,1836.5,petrol,5027395,1083778,118045,6229218
154,Ford,Streetka,26.0,5.0,70.0,1597.0,petrol,21692,110187,7496,139375
155,Ford,Transit,31.46033929,6.011904762,93.93452381,2037.2738100000001,diesel,902,333,43,1278
156,Honda,Accord,39.39984314,5.784313725,117.70588240000001,2151.647059,petrol,1806354,429940,125014,2361308
157,Honda,CR-Z,27.12333333,6.0,101.0,1497.0,petrol,5734,3388,602,9724
158,Honda,CRX,28.735,4.666666667,100.66666670000001,1590.0,petrol,11114,6064,909,18087
159,Honda,Civic,29.942625,4.5,106.225,1480.575,petrol,3600760,2236102,317657,6154519
160,Honda,Concerto,16.67175,4.5,74.0,1541.5,petrol,181679,82256,13547,277482
161,Honda,FR-V,33.12857143,5.285714286,103.0,1914.714286,petrol,50063,35030,4999,90092
162,Honda,HR-V,32.723,3.6,96.0,1498.0,petrol,98588,75839,10040,184467
163,Honda,Integra,17.5296,4.6,78.4,1549.8,petrol,71122,25694,3655,100471
164,Honda,Legend,69.39699999999999,5.0,173.0,3358.666667,petrol,56758,8252,3298,68308
165,Honda,Logo,13.382,2.5,48.0,1343.0,petrol,10272,17626,1688,29586
166,Honda,Prelude,27.78966667,4.666666667,110.66666670000001,2050.333333,petrol,243474,101456,16084,361014
167,Honda,Quintet,4.968,3.5,59.0,1602.0,petrol,3050,1473,162,4685
168,Honda,S2000,55.25,6.0,177.0,1997.0,petrol,56168,15759,3919,75846
169,Honda,Shuttle,30.081,4.0,110.0,2254.0,petrol,39124,16400,3961,59485
170,Honda,Stream,27.935,5.0,103.5,1833.0,petrol,26133,13365,3092,42590
171,Hyundai,Accent,14.293,4.6,75.4,1479.0,petrol,532842,372254,40155,945251
172,Hyundai,Elantra,19.055,4.6,89.2,1827.8,petrol,39474,12121,1836,53431
173,Hyundai,Getz,13.63642857,4.714285714,69.0,1424.857143,petrol,235175,272573,20387,528135
174,Hyundai,I10,16.011,5.0,51.77777778,998.0,petrol,133228,194016,11253,338497
175,Hyundai,I20,21.846999999999998,6.090909091,70.72727273,1052.272727,petrol,81875,76390,5337,163602
176,Hyundai,I30,28.60918919,5.945945946,100.5945946,1387.6216220000001,petrol,106528,59415,5917,171860
177,Hyundai,I40,35.535,6.0,93.6,1647.4,diesel,5386,1017,191,6594
178,Hyundai,Ix20,27.4066,6.0,89.0,1552.0,petrol,10383,6561,408,17352
179,Hyundai,Ix35,38.9,5.84,113.84,1926.0,diesel,29333,16425,1282,47040
180,Hyundai,Lantra,16.4455,4.666666667,78.0,1741.0,petrol,247675,94025,12319,354019
181,Hyundai,Matrix,18.512999999999998,4.6,76.0,1599.0,petrol,96748,57263,5507,159518
182,Hyundai,Pony,10.32442857,4.1428571430000005,54.35714286,1463.857143,petrol,108926,67605,4864,181395
183,Hyundai,Santa,44.14181818,6.545454545,144.63636359999998,2242.636364,diesel,167376,69189,8970,245535
184,Hyundai,Sonata,31.7425,4.833333333,119.66666670000001,2116.0,petrol,81512,17963,3713,103188
185,Hyundai,Stellar,11.263,4.5,55.0,1597.0,petrol,41916,8631,955,51502
186,Hyundai,Terracan,44.62833333,4.333333333,127.66666670000001,3100.333333,diesel,26611,7168,753,34532
187,Hyundai,Trajet,30.351999999999997,4.4,99.0,2117.6,petrol,57865,27525,3804,89194
188,Hyundai,Tucson,41.59161538,6.461538462,111.3076923,1624.769231,petrol,72168,36008,3572,111748
189,Hyundai,Veloster,27.9925,5.5,103.0,1591.0,petrol,1821,1326,86,3233
190,Jaguar,S-Type,66.58842105,5.736842105,172.3157895,2934.631579,petrol,464919,64392,23137,552448
191,Jaguar,XE,65.56875,8.0,167.25,1998.0,petrol,699664,132524,33668,865856
192,Jaguar,XF,78.74625,8.0,176.25,1997.0,diesel,138659,14883,6015,159557
193,Jaguar,XJ,137.5695455,8.0,223.5454545,2813.0,petrol,840505,91627,36658,968790
194,Jaguar,XK,145.6466667,6.0,283.0,5000.0,petrol,177439,28043,9857,215339
195,Jaguar,XKR,171.1333333,6.0,375.0,5000.0,petrol,22692,2813,1244,26749
196,Kia,Carens,31.195,6.0,105.875,1755.75,petrol,115885,49382,5595,170862
197,Kia,Ceed,26.97522727,5.8636363639999995,88.09090909,1460.7954550000002,petrol,132305,68166,6009,206480
198,Kia,Cerato,19.895,4.8,94.0,1742.6,petrol,28142,13726,1702,43570
199,Kia,Magentis,28.803,4.8,111.2,2126.8,petrol,28727,6073,1230,36030
200,Kia,Mentor,14.76166667,4.666666667,75.0,1594.0,petrol,49703,23282,2758,75743
201,Kia,Picanto,16.59192308,5.0,52.84615385,998.0,petrol,190337,320352,19246,529935
202,Kia,Pride,9.358333333,4.333333333,47.0,1324.0,petrol,109443,117867,9600,236910
203,Kia,Rio,22.95871429,6.285714286,80.0,998.0,petrol,234688,159184,13588,407460
204,Kia,Shuma,15.16166667,4.666666667,75.0,1594.0,petrol,57794,23341,3488,84623
205,Kia,Sorento,36.01325,6.0,151.66666669999998,2048.666667,petrol,146236,50532,5666,202434
206,Kia,Sportage,43.97,6.6,115.3,1634.2,diesel,187170,102183,10232,299585
207,Kia,Venga,23.58666667,5.25,81.16666667,1509.75,petrol,16907,11717,628,29252
208,Lada,1200,4.5360000000000005,4.0,44.0,1198.0,petrol,1295,361,26,1682
209,Lada,Niva,12.241,5.0,57.0,1568.0,petrol,20646,5395,644,26685
210,Lada,Samara,10.9158,5.0,49.8,1372.4,petrol,182319,59207,4631,246157
211,Lancia,Dedra,21.76576923,5.0,81.69230769,1808.384615,petrol,10876,2149,454,13479
212,Lancia,Delta,29.043000000000003,5.851851852,105.07407409999999,1638.888889,petrol,24092,5395,764,30251
213,Lancia,Prisma,13.43333333,4.333333333,67.66666667,1527.0,petrol,5668,1230,178,7076
214,Lancia,Thema,50.143,5.818181817999999,155.5454545,2799.272727,petrol,11331,1620,415,13366
215,Land-Rover,Defender,108.74719509999998,7.853658537,207.6097561,2304.97561,diesel,89109,19601,6361,115071
216,Land-Rover,Discovery,107.4521429,8.0,182.5714286,2425.428571,diesel,1795606,468535,96200,2360341
217,Land-Rover,Freelander,43.86363077,5.292307692,105.1692308,2083.523077,diesel,1203928,649318,96698,1949944
218,Land-Rover,Range,107.6705126,8.277310924,196.3361345,2521.0924370000002,diesel,1226881,261669,57235,1545785
219,Lexus,GS,78.47722222,0.8888888890000001,224.7777778,3196.555556,petrol,9185,1095,727,11007
220,Lotus,Elise,53.792,6.0,134.33333330000002,1730.0,petrol,89834,10063,4387,104284
221,Lotus,Esprit,93.42433333,5.0,233.0,2995.0,petrol,18903,959,498,20360
222,MG,TF,32.09,4.0,98.2,1754.4,petrol,114357,108573,12911,235841
223,MG,ZR,21.02333333,5.0,92.33333333,1729.3333329999998,petrol,284720,169018,17011,470749
224,MG,ZT,42.74666667,5.0,128.5,2548.833333,petrol,129427,19573,4630,153630
225,Maserati,GranCabrio,245.168,6.0,338.0,4691.0,petrol,3250,229,119,3598
226,Mazda,121,13.190999999999999,5.0,51.33333333,1431.333333,petrol,48465,68254,5824,122543
227,Mazda,2,21.6,6.0,64.625,1496.0,petrol,153228,229439,20298,402965
228,Mazda,3,30.99513158,5.789473684,101.8947368,1905.6315789999999,petrol,306862,193769,23688,524319
229,Mazda,323,17.34364706,4.745098039,70.92156863,1683.607843,petrol,968816,644293,76675,1689784
230,Mazda,5,22.12540909,5.5,75.09090909,1622.681818,petrol,64256,44178,5404,113838
231,Mazda,6,42.66935185,5.907407407000001,118.18518519999999,2095.1851850000003,petrol,505288,121266,27883,654437
232,Mazda,626,20.7195,4.71875,81.375,1950.90625,petrol,728411,182299,35600,946310
233,Mazda,929,15.8783125,4.25,84.4375,2161.625,petrol,4525,933,125,5583
234,Mazda,Demio,14.7754,4.8,51.4,1428.4,petrol,54903,55660,6111,116674
235,Mazda,MPV,35.29583333,5.0,102.0,2129.0,petrol,7480,3773,697,11950
236,Mazda,MX-3,22.127,5.0,83.0,1721.5,petrol,66994,54997,6951,128942
237,Mazda,MX-5,37.46857143,5.857142857,103.42857140000001,1718.5714289999999,petrol,545858,542594,76112,1164564
238,Mazda,MX-6,30.92666667,4.666666667,110.33333329999999,2328.333333,petrol,37068,11915,2514,51497
239,Mazda,Premacy,23.22409091,4.909090909,82.0,1938.0,petrol,62610,32272,4957,99839
240,Mazda,Tribute,38.025,4.5,129.5,2614.0,petrol,15096,7438,1068,23602
241,Mazda,Xedos,28.9602,4.4,100.8,1936.6,petrol,69904,15913,4274,90091
242,Mercedes,190,36.64326667,4.466666667,88.73333333,2284.1333329999998,petrol,555856,146547,35583,737986
243,Mercedes,300,62.39565385,4.384615385,135.5,2972.3076920000003,petrol,343060,76881,21572,441513
244,Mercedes,A,31.104511900000002,4.5476190480000005,93.01190476,1699.119048,petrol,528671,660014,90256,1278941
245,Mercedes,B,41.38957143,7.285714286,105.7142857,1545.4285710000001,diesel,88340,70797,9104,168241
246,Mercedes,CLA,46.5274,7.04,131.6,1596.92,petrol,2378333,738425,197093,3313851
247,Mercedes,CLC,42.5595,6.166666667,131.6666667,2313.666667,petrol,27238,24316,2847,54401
248,Mercedes,CLK,72.79589474,6.210526316,166.3157895,3041.0,petrol,431924,182546,37685,652155
249,Mercedes,E,78.07322727,7.672727273,192.4,2598.818182,petrol,1441402,262265,110393,1814060
250,Mercedes,GLK,59.05425,6.75,144.375,2417.875,diesel,8277,2680,721,11678
251,Mercedes,ML,77.41666667,7.0,188.33333330000002,2876.0,diesel,329417,134959,27383,491759
252,Mercedes,R,88.77777778,7.0,190.0,3377.4444439999997,petrol,12255,4339,1093,17687
253,Mercedes,SLK,61.86283333,6.833333333,184.16666669999998,2748.333333,petrol,221969,233910,35420,491299
254,Mercedes,SLS,264.675,7.0,420.0,6208.0,petrol,143077,40137,10105,193319
255,Mercedes,Sprinter,43.06842105,6.254385965,104.20175440000001,2222.7105260000003,diesel,237529,26473,19053,283055
256,Mercedes,Vaneo,28.96891667,5.0,72.625,1707.125,petrol,13097,6957,1580,21634
257,Mercedes,Viano,57.22905851,5.234042553,120.42553190000001,2309.340426,diesel,46210,12769,4099,63078
258,Mercedes,Vito,37.31220238,5.678571429,102.7261905,2118.940476,diesel,4556,487,278,5321
259,Mini,Cooper,31.38814286,6.714285714,111.0,1711.5714289999999,petrol,340174,513995,54124,908293
260,Mini,John,44.852,6.5,170.0,1998.0,petrol,843,482,61,1386
261,Mini,One,24.09525,6.25,68.75,1498.25,petrol,145294,355580,31340,532214
262,Mini,Paceman,37.72247826,6.0,104.21739129999999,1684.3043480000001,petrol,786,1006,96,1888
263,Mini,Roadster,32.65836364,6.0,101.81818179999999,1424.727273,petrol,1047,2627,303,3977
264,Mitsubishi,Carisma,22.69,4.8,82.2,1773.7,petrol,305874,98316,19022,423212
265,Mitsubishi,Colt,17.03876744,5.302325581,73.48837209,1374.046512,petrol,295269,316969,31322,643560
266,Mitsubishi,Galant,25.08266667,4.533333333,93.6,2127.333333,petrol,227175,48183,9934,285292
267,Mitsubishi,Grandis,30.839000000000002,4.6,121.0,2378.0,petrol,15669,7601,1419,24689
268,Mitsubishi,Lancer,23.01661538,4.730769231,90.88461538,1709.5384620000002,petrol,166345,57852,8024,232221
269,Mitsubishi,Outlander,37.44666667,2.611111111,120.33333329999999,2085.055556,petrol,44084,19610,3098,66792
270,Mitsubishi,Pajero,45.78386047,4.813953488,106.3023256,2768.511628,diesel,10810,2756,654,14220
271,Mitsubishi,Space,23.16515789,3.947368421,82.15789474,1817.315789,petrol,283773,145164,24404,453341
272,Morris,Ital,8.118,4.0,51.5,1487.5,petrol,34348,9102,595,44045
273,Morris,Marina,5.757999999999999,4.0,43.0,1275.0,petrol,32134,9611,576,42321
274,Nissan,350Z,55.4225,6.0,221.0,3498.0,petrol,48443,7583,2242,58268
275,Nissan,370Z,85.05325,6.5,242.0,3696.0,petrol,3271,532,135,3938
276,Nissan,Almera,22.78208333,4.916666667,81.66666667,1847.6666670000002,petrol,1464641,825376,115912,2405929
277,Nissan,Bluebird,14.4382,4.9,64.2,1891.7,petrol,938585,226739,30999,1196323
278,Nissan,GT-R,177.5,6.0,419.0,3799.0,petrol,4169,180,205,4554
279,Nissan,Juke,28.23090909,6.454545455,86.0,999.0,petrol,50420,61289,11574,123283
280,Nissan,Laurel,18.6532,4.6,74.8,2652.8,diesel,14691,2594,375,17660
281,Nissan,Maxima,34.10357143,4.571428571,121.8571429,2555.285714,petrol,50186,7962,2925,61073
282,Nissan,Micra,20.3776087,4.869565217,67.95652174,1279.6956519999999,petrol,3640369,5751513,481611,9873493
283,Nissan,Note,19.31857143,5.0,66.42857143,1348.285714,diesel,225989,165523,25557,417069
284,Nissan,Pathfinder,60.9552,5.5,146.0,2588.6,diesel,31660,10610,2351,44621
285,Nissan,Patrol,38.48247059,4.882352941000001,90.94117647,2953.588235,diesel,72049,14350,2923,89322
286,Nissan,Pixo,9.465666667,4.666666667,50.0,996.0,petrol,17405,27861,2059,47325
287,Nissan,Prairie,21.406999999999996,4.5,72.0,1974.0,petrol,109429,43412,6050,158891
288,Nissan,Primera,26.51269565,4.02173913,93.58695652,1933.021739,petrol,1950103,507365,113108,2570576
289,Nissan,Qashqai+2,34.93603125,5.25,97.71875,1820.65625,diesel,245772,169087,28872,443731
290,Nissan,Serena,22.95383333,5.0,67.33333333,1908.1666670000002,petrol,129460,53941,9490,192891
291,Nissan,Silvia,21.01833333,4.666666667,66.0,1206.0,petrol,31573,9233,955,41761
292,Nissan,Terrano,37.01736842,4.736842105,97.57894737,2697.368421,diesel,229340,79957,12388,321685
293,Nissan,X-Trail,47.361875,3.75,113.375,1774.8125,diesel,340754,117136,21539,479429
294,Opel,Ascona,15.11811765,4.5882352939999995,61.76470588,1603.117647,petrol,14236,3451,347,18034
295,Opel,Kadett,13.31085714,4.089285714,53.33928571,1518.6785710000001,petrol,34784,17442,1258,53484
296,Opel,Manta,11.9845625,4.0,69.0,1762.75,petrol,78763,17395,1583,97741
297,Opel,Monza,32.99,5.0,132.0,2969.0,petrol,6798,830,122,7750
298,Opel,Rekord,16.74091176,4.117647058999999,71.47058824,2066.176471,petrol,7144,1240,135,8519
299,Opel,Senator,36.166625,4.375,117.625,2849.25,petrol,6457,1004,112,7573
300,Opel,Zafira,35.27,6.0,112.07142859999999,1574.4285710000001,petrol,8077,4132,1049,13258
301,Peugeot,1007,18.657,5.0,59.58333333,1407.333333,petrol,23987,24239,2638,50864
302,Peugeot,104,7.5083333329999995,4.0,36.66666667,1099.0,petrol,5736,4970,293,10999
303,Peugeot,106,12.35588235,4.647058824,53.88235294,1366.294118,petrol,1749698,2412162,182649,4344509
304,Peugeot,107,11.14333333,5.0,50.0,998.0,petrol,153304,331212,24561,509077
305,Peugeot,2008,28.87894737,6.736842105,89.26315789,1262.1578949999998,petrol,1391,967,73,2431
306,Peugeot,205,13.11525,4.75,50.875,1430.75,petrol,1644587,1550917,143869,3339373
307,Peugeot,206,20.03375,4.833333333,71.33333333,1631.5,petrol,2296472,3683364,306102,6285938
308,Peugeot,207,21.70216667,4.9,79.76666667,1536.0,petrol,476061,679772,60289,1216122
309,Peugeot,208,22.84857143,6.523809524,73.23809524,1241.857143,petrol,17835,22141,1528,41504
310,Peugeot,3008,40.98307692,7.307692307999999,114.2692308,1352.576923,petrol,38292,19536,2250,60078
311,Peugeot,305,12.61125,4.5,56.25,1607.25,petrol,111335,33152,4394,148881
312,Peugeot,306,18.64264,4.84,67.0,1698.64,petrol,2763378,1642119,202701,4608198
313,Peugeot,307,27.46483636,4.872727273,86.45454545,1723.0,petrol,1363512,1061799,122884,2548195
314,Peugeot,308,32.33086957,5.891304347999999,103.1086957,1482.5,petrol,183762,127887,13594,325243
315,Peugeot,309,14.350125,4.875,59.5,1642.875,petrol,978425,466896,47398,1492719
316,Peugeot,4007,42.93428571,3.857142857,122.1428571,2308.285714,petrol,6804,3167,396,10367
317,Peugeot,405,20.43008333,4.791666667,69.875,1773.0,petrol,1974038,456505,79860,2510403
318,Peugeot,406,28.60820513,4.756410256000001,92.82051282,2043.820513,petrol,1774260,371377,96038,2241675
319,Peugeot,407,38.72769231,5.538461538,114.6538462,2178.1923079999997,diesel,296676,62076,14365,373117
320,Peugeot,5008,42.50666667,7.142857143,99.52380952,1294.142857,petrol,11129,6254,950,18333
321,Peugeot,504,21.084,4.0,86.0,2202.0,petrol,1292,272,47,1611
322,Peugeot,505,20.65665217,4.956521738999999,67.0,2234.26087,petrol,99057,27113,6870,133040
323,Peugeot,508,46.85390244,7.707317073,125.04878049999999,1642.04878,diesel,8226,1302,336,9864
324,Peugeot,605,35.25972727,4.727272727,104.6363636,2367.181818,petrol,48690,7408,2288,58386
325,Peugeot,607,48.09553571,5.1071428569999995,117.7857143,2315.0,petrol,40288,5659,2208,48155
326,Peugeot,806,29.57028571,5.0,84.0,1997.142857,diesel,69933,25810,5418,101161
327,Peugeot,807,45.76307692,5.307692308,109.07692309999999,2053.0,diesel,47618,22878,4215,74711
328,Peugeot,Bipper,17.325,5.0,55.0,1360.0,petrol,2298,1527,167,3992
329,Peugeot,Expert,21.65952381,5.761904762,90.85714286,1809.714286,diesel,5778,1108,321,7207
330,Peugeot,Partner,20.36464286,5.857142857,82.25,1534.392857,diesel,103497,46098,6577,156172
331,Peugeot,RCZ,38.93888889,6.0,135.5555556,1642.333333,petrol,8469,7462,864,16795
332,Porsche,911,158.7922667,7.466666667,293.53333330000004,3005.4,petrol,358043,39048,17935,415026
333,Porsche,928,110.0985,5.0,235.0,4957.0,petrol,26443,2651,1243,30337
334,Porsche,944,59.4905,5.0,137.5,2734.5,petrol,103757,18064,4588,126409
335,Porsche,Boxster,83.50125,6.5,213.5,3071.0,petrol,221324,65089,17721,304134
336,Porsche,Carrera,646.605,6.0,450.0,5733.0,petrol,25353,2693,1067,29113
337,Porsche,Cayenne,158.976,8.0,326.0,3295.0,petrol,64695,21328,4423,90446
338,Porsche,Cayman,84.60125,6.5,220.5,3071.0,petrol,31920,6179,1885,39984
339,Porsche,Panamera,173.506625,8.0,329.0,3307.25,petrol,2832,378,111,3321
340,Renault,11,11.63114286,4.428571429,47.14285714,1477.0,petrol,208523,110664,9069,328256
341,Renault,14,9.18075,4.0,46.75,1324.5,petrol,2120,1193,95,3408
342,Renault,18,12.84981818,4.6363636360000005,57.36363636,1849.5454550000002,petrol,66328,18103,1870,86301
343,Renault,19,16.29053333,4.8,57.86666667,1645.133333,petrol,821401,355585,43313,1220299
344,Renault,20,9.9475,4.75,73.5,1908.0,petrol,2400,509,82,2991
345,Renault,21,20.35378947,4.789473684,67.68421053,1996.684211,petrol,515835,137782,22850,676467
346,Renault,25,22.35277778,4.222222222,80.92592593,1977.259259,petrol,213808,40519,6584,260911
347,Renault,4,6.587333332999999,4.0,22.33333333,932.6666667000002,petrol,5991,5149,828,11968
348,Renault,9,11.49625,4.75,50.25,1507.5,petrol,92518,45296,3500,141314
349,Renault,Captur,27.94142857,6.214285714,93.35714286,1235.4285710000001,petrol,1837,1574,65,3476
350,Renault,Clio,22.1,5.615384615,75.57692308,1219.6538460000002,petrol,3929068,5633947,445121,10008136
351,Renault,Espace,59.0,7.0,166.0,1798.0,petrol,486227,174519,37414,698160
352,Renault,Fuego,13.2218,4.6,70.2,1736.2,petrol,10302,3215,295,13812
353,Renault,Kangoo,18.76848837,4.860465116,67.02325581,1391.023256,diesel,124348,73858,11522,209728
354,Renault,Laguna,34.02059211,5.552631579,99.0,1920.026316,diesel,2167327,563967,111154,2842448
355,Renault,Megane,26.449886699999997,5.408866995,87.31034483,1623.793103,petrol,3535975,2540045,313460,6389480
356,Renault,Modus,17.82333333,4.666666667,70.33333333,1298.666667,petrol,95827,98675,10558,205060
357,Renault,Safrane,31.79107143,4.571428571,104.1428571,2211.071429,petrol,73245,12014,3801,89060
358,Renault,Scenic,32.06304348,5.956521738999999,89.34782609,1472.826087,diesel,574248,396409,50114,1020771
359,Renault,Trafic,37.04635294,6.0,91.44117647,1773.823529,diesel,4568,880,239,5687
360,Renault,Twingo,14.94,5.2,59.6,958.6,petrol,26181,42916,2600,71697
361,Renault,Vel,51.6415625,5.375,126.5,2376.75,petrol,4449,772,242,5463
362,Renault,Wind,22.49,5.0,80.0,1261.25,petrol,1621,3857,326,5804
363,Rover,2000,17.182000000000002,5.0,74.0,1994.0,petrol,5070237,2262426,256445,7589108
364,Rover,45,23.322,3.75,84.2,1853.9,petrol,517612,158522,24808,700942
365,Rover,75,39.35238095,5.0,98.04761905,1928.714286,petrol,756134,126220,34670,917024
366,Rover,CityRover,11.74,5.0,63.0,1405.0,petrol,27396,31587,4142,63125
367,Rover,Mini,7.92,4.0,33.33333333,868.3333332999998,petrol,253564,307796,23203,584563
368,Rover,Streetwise,20.74,5.0,75.0,1695.0,petrol,33465,25876,2776,62117
369,Saab,09-May,52.95719388,5.653061224,146.122449,2031.469388,petrol,374012,70387,26685,471084
370,Saab,9-3X,49.28583333,6.0,145.0,1963.6666670000002,petrol,783362,270910,65498,1119770
371,Saab,900,37.00904545,4.590909091,114.68181820000001,2208.090909,petrol,602073,186303,53078,841454
372,Saab,9000,41.61600000000001,4.6,125.36,2336.52,petrol,452407,85305,30777,568489
373,Saab,99,11.34,4.0,74.0,1985.0,petrol,27023,6703,1376,35102
374,Seat,Alhambra,49.82277778,6.0,115.83333329999999,1746.9444440000002,petrol,183709,71252,16401,271362
375,Seat,Altea,27.13,5.768421053,96.05263158,1774.7789469999998,diesel,88741,55305,5829,149875
376,Seat,Arosa,13.70454545,4.818181818,47.45454545,1384.0,petrol,76339,121101,9717,207157
377,Seat,Cordoba,17.31241935,4.967741935,66.35483871,1655.741935,petrol,103182,46124,6242,155548
378,Seat,Exeo,33.8615625,5.375,116.25,1925.25,petrol,9168,1531,338,11037
379,Seat,Ibiza,19.93814035,5.649122807,76.31578947,1205.192982,petrol,876764,818292,70204,1765260
380,Seat,Leon,32.93965169,6.348314607000001,114.8202247,1615.3707869999998,petrol,502890,213815,29255,745960
381,Seat,Malaga,10.54685714,5.0,49.42857143,1418.4285710000001,petrol,8567,3656,264,12487
382,Seat,Marbella,6.494,5.0,30.0,903.0,petrol,29951,42377,2420,74748
383,Seat,Mii,11.917,5.0,49.13333333,999.0,petrol,2177,3176,230,5583
384,Seat,Toledo,20.37,5.642857143,74.21428571,1324.357143,petrol,199504,53401,9057,261962
385,Skoda,105,4.626333333,4.0,34.0,1046.0,petrol,13619,7141,371,21131
386,Skoda,120,3.3322,4.6,15.6,469.6,petrol,60665,26446,1538,88649
387,Skoda,130,6.895,5.0,46.0,1289.0,petrol,29193,11484,792,41469
388,Skoda,Citigo,12.6825,5.0,45.0,999.0,petrol,1526,1698,136,3360
389,Skoda,Fabia,19.00794118,5.205882353,66.97058824,1292.352941,petrol,876234,673468,79418,1629120
390,Skoda,Favorit,7.863333333,5.0,44.0,1289.0,petrol,309707,136671,13004,459382
391,Skoda,Felicia,11.370625,5.0,48.0,1518.0,petrol,521134,289131,35871,846136
392,Skoda,Octavia,30.65053846,6.346153846,95.0,1136.692308,petrol,886602,203611,48021,1138234
393,Skoda,Rapid,20.659000000000002,5.6333333329999995,73.0,1284.8,petrol,1558,421,62,2041
394,Skoda,Roomster,20.9225,5.375,68.875,1272.4375,petrol,37791,22504,3002,63297
395,Skoda,Superb,39.725,6.8,110.0,1592.0,petrol,87908,11845,3855,103608
396,Skoda,Yeti,30.351,6.3,83.5,1452.3,petrol,29397,12596,1824,43817
397,Smart,City-coupe,13.2053,6.0,35.8,679.0,petrol,47979,52460,6508,106947
398,Smart,Fortwo,19.9680625,2.8125,55.375,592.5625,automatic,79554,76996,8571,165121
399,Smart,Roadster-coupe,24.35,6.0,60.0,698.0,petrol,30392,17750,3163,51305
400,Ssangyong,Korando,37.904,6.0,116.08,1998.0,diesel,786,259,35,1080
401,Ssangyong,Musso,38.79428571,4.428571429,98.57142857,2755.571429,diesel,27374,6815,1312,35501
402,Ssangyong,Rexton,54.2675,5.666666667,114.0,1998.0,diesel,17731,5939,1016,24686
403,Ssangyong,Rodius,57.59,5.428571429,121.0,1998.0,diesel,2940,1383,223,4546
404,Subaru,Impreza,30.5976,1.8,97.6,1757.6,petrol,466578,111532,26585,604695
405,Subaru,Justy,11.745,5.0,51.0,998.0,petrol,61257,67304,9582,138143
406,Subaru,Legacy,37.52210345,3.8965517239999996,107.37931029999999,2084.3793100000003,petrol,240555,77711,23242,341508
407,Suzuki,Alto,9.5628,4.6,50.0,996.0,petrol,165605,227612,33854,427071
408,Suzuki,Baleno,17.587,4.083333333,73.08333333,1363.5,petrol,99127,54677,6979,160783
409,Suzuki,Ignis,19.45142857,3.571428571,61.0,1197.0,petrol,110033,109021,18694,237748
410,Suzuki,Jimny,25.94322222,4.777777778,67.0,1372.666667,petrol,137578,153179,24134,314891
411,Suzuki,Liana,18.88233333,4.666666667,74.0,1523.333333,petrol,59882,32358,5705,97945
412,Suzuki,SJ,8.4656,4.6,41.4,1182.4,petrol,71913,40446,3620,115979
413,Suzuki,SX4,20.6695,4.75,88.0,1586.0,petrol,52831,40298,5926,99055
414,Suzuki,Samurai,12.25,5.0,43.0,1325.0,petrol,23546,14916,1314,39776
415,Suzuki,Splash,13.1466,4.8,55.4,1144.8,petrol,20906,24042,2956,47904
416,Suzuki,Swift,19.08518182,3.727272727,68.90909091,1180.5454550000002,petrol,396649,470331,59159,926139
417,Suzuki,Vitara,26.803,5.428571429,85.71428571,1310.0,petrol,652195,491931,66047,1210173
418,Suzuki,Wagon,9.8628,5.0,50.0,1090.4,petrol,193751,172005,26754,392510
419,Suzuki,X-90,16.641,4.5,71.0,1590.0,petrol,2979,5383,410,8772
420,TVR,Griffith,71.187,5.0,239.0,4997.0,petrol,3771,274,147,4192
421,TVR,Tuscan,107.7,5.0,274.0,3800.5,petrol,7066,528,245,7839
422,Toyota,Auris,26.97346154,3.076923077,85.69230769,1515.282051,petrol,159907,96300,15048,271255
423,Toyota,Avensis,37.31523077,4.323076923,103.6769231,1873.261538,petrol,1399564,332226,103395,1835185
424,Toyota,Aygo,15.20916667,5.0,53.0,998.0,petrol,151295,288988,35922,476205
425,Toyota,Camry,30.0062,3.2,115.46666670000002,2245.6,petrol,208581,41535,11069,261185
426,Toyota,Carina,17.44569231,4.692307692,68.26923077,1791.2307690000002,petrol,1396182,365070,85239,1846491
427,Toyota,Celica,31.5255,5.166666667,109.66666670000001,1861.8333329999998,petrol,569263,218806,38973,827042
428,Toyota,Corolla,27.23911864,3.033898305,91.61016949,1677.949153,petrol,2396708,1468001,219642,4084351
429,Toyota,Cressida,18.97175,5.0,75.25,2214.5,diesel,4590,815,102,5507
430,Toyota,GT86,59.7575,6.0,147.0,1998.0,petrol,1812,422,144,2378
431,Toyota,Hilux,46.60136364,6.0,110.0,2393.0,diesel,25217,4583,1282,31082
432,Toyota,IQ,17.31777778,3.666666667,58.44444444,1152.888889,petrol,24388,31039,4741,60168
433,Toyota,MR2,34.19,6.0,103.0,1794.0,petrol,375243,182894,26548,584685
434,Toyota,Paseo,15.764000000000001,5.0,66.0,1497.0,petrol,14720,14697,1537,30954
435,Toyota,Picnic,25.29875,4.5,94.0,1998.0,petrol,70740,31891,7612,110243
436,Toyota,Previa,43.08,4.666666667,105.0,2239.666667,petrol,264245,104657,26355,395257
437,Toyota,RAV4,43.54851613,1.35483871,137.7741935,2261.193548,petrol,655660,656904,94328,1406892
438,Toyota,Starlet,11.389000000000001,4.1428571430000005,53.0,1308.285714,petrol,194922,279906,23676,498504
439,Toyota,Supra,81.295,8.0,250.0,2998.0,petrol,106110,16040,3640,125790
440,Toyota,Tercel,9.999666667,4.333333333,49.33333333,1347.666667,petrol,32253,16231,1628,50112
441,Toyota,Urban,20.21333333,6.0,74.0,1329.0,petrol,7637,7169,1094,15900
442,Toyota,Verso-S,22.046999999999997,3.6,73.0,1329.0,petrol,1546,1034,177,2757
443,Toyota,Yaris,20.7206,3.52,74.4,1397.8,petrol,1123228,1815123,238300,3176651
444,Triumph,Acclaim,6.050333332999999,4.333333333,52.0,1335.0,petrol,150541,71429,4718,226688
445,Triumph,TR7,13.137,5.0,93.5,1998.0,petrol,22556,4452,1005,28013
446,Volkswagen,Beetle,33.25025,6.166666667,112.75,1475.0,petrol,291074,526182,51977,869233
447,Volkswagen,Bora,25.39952941,4.647058824,78.85294118,1891.5882350000002,petrol,369080,114329,23909,507318
448,Volkswagen,CC,46.95322222,6.1111111110000005,126.7777778,1977.1666670000002,diesel,2631,414,81,3126
449,Volkswagen,Caddy,24.75629032,5.709677419,81.74193548,1735.580645,diesel,3563,1448,268,5279
450,Volkswagen,Corrado,35.34,5.0,118.0,1781.0,petrol,88966,16912,4918,110796
451,Volkswagen,Derby,7.55925,4.0,38.75,1137.75,petrol,6845,4282,309,11436
452,Volkswagen,Eos,42.2862,6.0,113.8,1740.0,petrol,36381,47857,6987,91225
453,Volkswagen,Fox,12.49833333,5.0,48.66666667,1336.666667,petrol,33240,55672,5045,93957
454,Volkswagen,Golf,31.24215385,6.164835165,89.46153846,1537.406593,petrol,6856310,4420689,655247,11932246
455,Volkswagen,Jetta,31.30566667,6.259259258999999,96.92592593,1587.222222,petrol,338151,109520,16786,464457
456,Volkswagen,Lupo,13.88308333,4.75,47.75,1373.75,petrol,106397,202809,18809,328015
457,Volkswagen,Passat,46.06451282,6.487179487000001,125.43589740000002,1835.8461539999998,petrol,2802196,657681,187983,3647860
458,Volkswagen,Phaeton,146.27461540000002,5.769230769,234.84615380000002,4089.9230770000004,petrol,7447,595,420,8462
459,Volkswagen,Polo,18.1925,5.074074073999999,60.96296296,1408.055556,petrol,3656888,4881887,499911,9038686
460,Volkswagen,Santana,14.93453333,4.333333333,59.6,1655.066667,petrol,12536,2795,383,15714
461,Volkswagen,Scirocco,33.70615385,6.153846154,120.1538462,1750.615385,petrol,243328,87560,12065,342953
462,Volkswagen,Sharan,45.6995,6.0,114.0,1854.2,diesel,309740,115751,32635,458126
463,Volkswagen,Tiguan,44.30857143,6.714285714,108.0,1663.9285710000001,petrol,68523,43982,5481,117986
464,Volkswagen,Touareg,94.098125,8.0,190.0,2967.0,diesel,86872,30965,5203,123040
465,Volkswagen,Touran,32.98557692,6.230769231,94.03846154,1528.807692,diesel,241607,143740,25887,411234
466,Volkswagen,Transporter,35.37645833,6.0,103.08333329999999,1968.0,diesel,12198,3198,858,16254
467,Volkswagen,Up,17.065625,5.125,51.375,999.0,petrol,14600,25079,1506,41185
468,Volkswagen,Vento,18.16715385,4.692307692,70.30769231,1932.1538460000002,petrol,92436,27701,5930,126067
469,Volvo,440,20.27896296,4.1111111110000005,72.85185185,1832.888889,petrol,799023,322525,55354,1176902
470,Volvo,460,20.49710714,4.1428571430000005,72.42857143,1824.4285710000001,petrol,210645,68623,12857,292125
471,Volvo,850,36.38445588,4.5,125.70588240000001,2294.764706,petrol,419094,91275,29662,540031
472,Volvo,940,30.236875,4.5,110.0,2316.0,petrol,455609,106244,30834,592687
473,Volvo,960,40.7645,4.333333333,133.3333333,2634.222222,petrol,86660,16311,5761,108732
474,Volvo,C30,32.489891300000004,5.304347826,113.28260870000001,2093.0217390000003,petrol,61779,44293,6405,112477
475,Volvo,C70,52.19640625,5.3125,126.5,2323.9375,petrol,104083,44105,9065,157253
476,Volvo,S40,35.28132353,5.176470588,113.3529412,2106.5,petrol,574673,179290,45309,799272
477,Volvo,S60,52.085,8.0,223.83333330000002,1969.0,petrol,249455,44734,16919,311108
478,Volvo,S70,36.90769355,4.5,126.14516129999998,2344.0,petrol,63069,10209,3757,77035
479,Volvo,S80,50.94,6.266666667000001,138.2833333,1986.766667,diesel,181356,25517,12375,219248
480,Volvo,V40,35.81481651,6.293577982,117.43119270000001,1921.46789,petrol,487153,195352,44401,726906
481,Volvo,V50,36.52419118,5.176470588,113.3529412,2106.5,petrol,154491,59796,13160,227447
482,Volvo,V60,50.48413043,7.304347826,150.6086957,1969.0,diesel,7831,2169,720,10720
483,Volvo,V70,50.96109091,6.181818182000001,135.2909091,1971.163636,diesel,703323,167052,58499,928874
484,Volvo,XC70,58.46907407,6.444444444,148.5185185,2174.037037,diesel,60529,17470,5608,83607
485,Volvo,XC90,85.82946154,8.0,213.15384619999998,1969.0,petrol,164061,76654,17297,258012
